{"cameraMode":{"drawMode":0,"name":"Shaded","section":"Shading Mode"},"sceneLighting":true,"audioPlay":false,"sceneViewState":{"showFog":true,"showMaterialUpdate":true,"showSkybox":true,"showFlares":true,"showImageEffects":true,"showParticleSystems":true},"in2DMode":false,"pivot":{"x":490.93988037109377,"y":272.24481201171877,"z":-12.569389343261719},"rotation":{"x":-0.023057078942656518,"y":-0.6885064840316773,"z":0.021906493231654168,"w":-0.7245407104492188},"size":851.6781005859375,"orthographic":false}