{"cameraMode":{"drawMode":0,"name":"Shaded","section":"Shading Mode"},"sceneLighting":true,"audioPlay":false,"sceneViewState":{"showFog":true,"showMaterialUpdate":true,"showSkybox":true,"showFlares":true,"showImageEffects":true,"showParticleSystems":true},"in2DMode":false,"pivot":{"x":3.2977728843688967,"y":-0.42974644899368288,"z":0.6466032266616821},"rotation":{"x":-0.12705323100090028,"y":-0.657053530216217,"z":0.11366470903158188,"w":-0.734345018863678},"size":5.885533809661865,"orthographic":false}